predictor,spearman_r,p_two_tailed
ux_usefulness,0.333,0.0005589981871378332
ux_ease,0.302,0.0018154199637310017
ux_relevance,0.457,1.094770263349705e-06
ux_trust,0.356,0.00020767715606391046
ux_overall,0.398,2.7950190023495855e-05
followup_turns,0.328,0.0006686201803071151
session_duration_min,0.384,5.6602633518972766e-05
